"obs_value","dataset"
181.97895581032,"normal"
176.208580163102,"normal"
179.880518062223,"normal"
176.801564575182,"normal"
181.345634075299,"normal"
172.96501516963,"normal"
184.507998585903,"normal"
180.523454561553,"normal"
182.1398345827,"normal"
182.563689703889,"normal"
173.01930883191,"normal"
181.24164881731,"normal"
186.531343685904,"normal"
184.081809029572,"normal"
181.910367490384,"normal"
180.809202545674,"normal"
185.576235294211,"normal"
190.500239516993,"normal"
174.876728984728,"normal"
172.098402665751,"normal"
181.869739589854,"normal"
170.129441207122,"normal"
172.107694139079,"normal"
164.869733189169,"normal"
182.542254631045,"normal"
180.224936836629,"normal"
181.994338838031,"normal"
175.96375139051,"normal"
175.018605822748,"normal"
184.739070147721,"normal"
180.165964708771,"normal"
184.112706391068,"normal"
175.751461552193,"normal"
177.017503670997,"normal"
183.910131115532,"normal"
180.82521193127,"normal"
176.410525684929,"normal"
179.065410035285,"normal"
185.327308880563,"normal"
180.887943444341,"normal"
184.656432114948,"normal"
188.062883173905,"normal"
179.33905940035,"normal"
184.865141149634,"normal"
182.88667383409,"normal"
179.889282802204,"normal"
178.170334691203,"normal"
181.607486007516,"normal"
178.750143036531,"normal"
183.330434691245,"normal"
184.67074105889,"normal"
170.683371969711,"normal"
177.087750620789,"normal"
176.491770052715,"normal"
183.09562525476,"normal"
173.802840395141,"normal"
174.368757724927,"normal"
184.590335251711,"normal"
176.280568670235,"normal"
179.042676322006,"normal"
182.358837197708,"normal"
184.812109051151,"normal"
186.186576966935,"normal"
192.128173436465,"normal"
179.666936575263,"normal"
175.221791273202,"normal"
178.703947871672,"normal"
181.255955674432,"normal"
182.40640027484,"normal"
182.699482709684,"normal"
174.388779030687,"normal"
184.131478127125,"normal"
183.783801409395,"normal"
178.037636727382,"normal"
179.99750986225,"normal"
172.836273949955,"normal"
178.644072030581,"normal"
178.72376313691,"normal"
186.333340004224,"normal"
171.257722158023,"normal"
179.533966295899,"normal"
174.837775693156,"normal"
173.63174385412,"normal"
175.821749118616,"normal"
178.561832749016,"normal"
180.1599640859,"normal"
178.796989349071,"normal"
181.909622324224,"normal"
178.979272410657,"normal"
183.738839757465,"normal"
178.248075948418,"normal"
169.813700911421,"normal"
184.864472819073,"normal"
180.27642363281,"normal"
188.770787610205,"normal"
174.18332158376,"normal"
182.8357077846,"normal"
174.520935092129,"normal"
177.671745461314,"normal"
179.841276382841,"normal"
176.68259437502,"normal"
178.126084285838,"normal"
179.017899733581,"normal"
176.755048020021,"normal"
176.882654776029,"normal"
177.904123406506,"normal"
171.22027084576,"normal"
180.072630794557,"normal"
180.829158440122,"normal"
185.322092470986,"normal"
184.60346120522,"normal"
178.297612723284,"normal"
166.489287894141,"normal"
185.294856572146,"normal"
179.720455028282,"normal"
175.549169982417,"normal"
186.877856463445,"normal"
180.297035907148,"normal"
173.29687068215,"normal"
187.718970483117,"normal"
173.587523835738,"normal"
179.456264777709,"normal"
178.50097996507,"normal"
173.149751441307,"normal"
173.061443219177,"normal"
182.933525039332,"normal"
181.470122311781,"normal"
186.840730865045,"normal"
183.348610172976,"normal"
171.515343142236,"normal"
184.815479000952,"normal"
174.857279047275,"normal"
180.283304072197,"normal"
180.172774041443,"normal"
172.857869144326,"normal"
174.228915921957,"normal"
184.693567970159,"normal"
179.052503381467,"normal"
176.144847021866,"normal"
178.750924421671,"normal"
177.371121771018,"normal"
184.629335928893,"normal"
177.161073093826,"normal"
184.721947780217,"normal"
179.6712098792,"normal"
193.996713684147,"normal"
175.450169747023,"normal"
180.94584964133,"normal"
175.415895698153,"normal"
179.314735564066,"normal"
177.130005417635,"normal"
180.886464665136,"normal"
184.204360361565,"normal"
183.06320412418,"normal"
173.037917823667,"normal"
177.979793351699,"normal"
176.862583409244,"normal"
183.902977318598,"normal"
182.572952709029,"normal"
193.41943058036,"normal"
185.012339944557,"normal"
187.286101972838,"normal"
171.984374034998,"normal"
180.05130105217,"normal"
173.508924551248,"normal"
190.044386065609,"normal"
184.496519757312,"normal"
183.592139353957,"normal"
175.716828417404,"normal"
178.273694188146,"normal"
177.873608685376,"normal"
181.350186392318,"normal"
186.059228815928,"normal"
183.030444177637,"normal"
177.350727861004,"normal"
172.813698939757,"normal"
184.199571800849,"normal"
186.908311547668,"normal"
178.998204587591,"normal"
185.291785798068,"normal"
183.774003489243,"normal"
177.41518245848,"normal"
181.573949331781,"normal"
185.130622867202,"normal"
178.116221675301,"normal"
172.881351478593,"normal"
184.989004919254,"normal"
181.711833136704,"normal"
179.224864338207,"normal"
178.705939782268,"normal"
176.358394900479,"normal"
174.473706914052,"normal"
175.972576003606,"normal"
179.944143554167,"normal"
177.665407169549,"normal"
180.56862080608,"normal"
190.70492965496,"normal"
186.01086255998,"normal"
180.949118909146,"normal"
182.417022367694,"normal"
178.232627699555,"normal"
178.602259463463,"normal"
179.25988605392,"normal"
181.415815729081,"normal"
176.029624598085,"normal"
176.043265696245,"normal"
178.243072234665,"normal"
173.022618810381,"normal"
179.076425994585,"normal"
174.610445139517,"normal"
184.800047647299,"normal"
178.042753865226,"normal"
169.551404219433,"normal"
181.146864517355,"normal"
180.072744006192,"normal"
186.844858583459,"normal"
174.649379762521,"normal"
177.356549243135,"normal"
180.28381874088,"normal"
184.196118357302,"normal"
186.008096655772,"normal"
181.325115541982,"normal"
175.671815690487,"normal"
178.213787206466,"normal"
179.305246369784,"normal"
182.420019645994,"normal"
190.006355041773,"normal"
181.497450867402,"normal"
173.06737916107,"normal"
183.454867750768,"normal"
184.647660917511,"normal"
177.601273134149,"normal"
174.024295132997,"normal"
179.408260281856,"normal"
188.807848676312,"normal"
179.079177976777,"normal"
180.773550976559,"normal"
179.302143440309,"normal"
181.716085365178,"normal"
181.737677780623,"normal"
172.952028925815,"normal"
170.872670631663,"normal"
178.633678181684,"normal"
175.449320492884,"normal"
181.015616322503,"normal"
176.916036271889,"normal"
180.314387335595,"normal"
173.34637097077,"normal"
180.819107560427,"normal"
179.043211087118,"normal"
177.264780610496,"normal"
171.248878837845,"normal"
185.370120324761,"normal"
181.107264939246,"normal"
175.62589304156,"normal"
180.300781848913,"normal"
171.725948347662,"normal"
194.237161273078,"normal"
183.211351165764,"normal"
183.677999158568,"normal"
177.125633853947,"normal"
179.445055483119,"normal"
176.1099850641,"normal"
185.490419879563,"normal"
176.993110328375,"normal"
176.724152958868,"normal"
189.103328625875,"normal"
182.939043963266,"normal"
190.186566546964,"normal"
174.14804330282,"normal"
178.515507675551,"normal"
176.668331732044,"normal"
178.031781984522,"normal"
182.187937795889,"normal"
183.619313805017,"normal"
182.35784784006,"normal"
174.433384502288,"normal"
185.960422746461,"normal"
182.288003227214,"normal"
181.042810052885,"normal"
181.569522251293,"normal"
180.832243572744,"normal"
179.843193849039,"normal"
180.36696027642,"normal"
180.428971788519,"normal"
184.009285255869,"normal"
173.807704649643,"normal"
172.78856066133,"normal"
173.532268173055,"normal"
180.914710513975,"normal"
184.829550467968,"normal"
179.036225199425,"normal"
191.241706625774,"normal"
185.47440491454,"normal"
182.119145932625,"normal"
176.768338229042,"normal"
182.66943073127,"normal"
177.339945480608,"normal"
186.303407379488,"normal"
176.279805801409,"normal"
170.268211797374,"normal"
180.039118367071,"normal"
184.222919574111,"normal"
179.094595542849,"normal"
185.508271855638,"normal"
183.003282488589,"normal"
180.597407052837,"normal"
180.109910526212,"normal"
179.778024195914,"normal"
177.803871321399,"normal"
169.548047579753,"normal"
177.994525746158,"normal"
186.150518874002,"normal"
186.352470930029,"normal"
171.818106867218,"normal"
175.015993200701,"normal"
190.229596376243,"normal"
172.608368160736,"normal"
187.389430350793,"normal"
185.02905279327,"normal"
189.115771424752,"normal"
182.835324881446,"normal"
175.303035970008,"normal"
185.909427152613,"normal"
169.58756038585,"normal"
179.871119650492,"normal"
178.585439152714,"normal"
173.453659622477,"normal"
176.641706461553,"normal"
179.852277412625,"normal"
177.99150379339,"normal"
180.89493476533,"normal"
181.90541453602,"normal"
168.567562516262,"normal"
183.161045344247,"normal"
184.347297236995,"normal"
180.889964340254,"normal"
180.235226938796,"normal"
188.06481192403,"normal"
175.095392682508,"normal"
171.799998563372,"normal"
179.476548975236,"normal"
180.014364825572,"normal"
180.20121797281,"normal"
183.201273994297,"normal"
179.906398107083,"normal"
182.170301223937,"normal"
180.876222564757,"normal"
178.698511783491,"normal"
178.92612199877,"normal"
183.91080352958,"normal"
182.727119107852,"normal"
181.491064801809,"normal"
179.927834776762,"normal"
176.836914267046,"normal"
174.405168241068,"normal"
172.114694181069,"normal"
184.028764081058,"normal"
181.797496857925,"normal"
179.160538511842,"normal"
182.927298316507,"normal"
184.237131768402,"normal"
183.376219265757,"normal"
185.916608581795,"normal"
180.994667550867,"normal"
172.350296858514,"normal"
177.059928965259,"normal"
184.217619405071,"normal"
179.441744539127,"normal"
183.356055942676,"normal"
181.783931360987,"normal"
177.34685958035,"normal"
182.025153360081,"normal"
180.501396390668,"normal"
184.071240708943,"normal"
176.280997954333,"normal"
186.58286839441,"normal"
180.907557133336,"normal"
187.113256443553,"normal"
184.315347754584,"normal"
187.524925716758,"normal"
178.288512968254,"normal"
172.753240225894,"normal"
185.827099757002,"normal"
183.292812806013,"normal"
185.606732051297,"normal"
166.684873033245,"normal"
174.597414679741,"normal"
182.491598259617,"normal"
189.552618208453,"normal"
180.899375019463,"normal"
180.496984812849,"normal"
182.668879198696,"normal"
184.053363358158,"normal"
178.60834529647,"normal"
174.846381676891,"normal"
178.298337186836,"normal"
178.807672464671,"normal"
172.473169975834,"normal"
175.373478078797,"normal"
185.078388483788,"normal"
174.318796936201,"normal"
180.875074978839,"normal"
182.553091252255,"normal"
185.205539728446,"normal"
181.992421684934,"normal"
179.019195680853,"normal"
181.996750123053,"normal"
180.131523782115,"normal"
175.603188829393,"normal"
187.916614230706,"normal"
180.349613602271,"normal"
174.601722430332,"normal"
178.934149212398,"normal"
181.821058133841,"normal"
177.640516287433,"normal"
174.838698801653,"normal"
172.085336142632,"normal"
178.547284526514,"normal"
177.225865063538,"normal"
187.302837965459,"normal"
177.437809687462,"normal"
182.821450891121,"normal"
190.19780936644,"normal"
187.094694577425,"normal"
170.173015264662,"normal"
181.767333374652,"normal"
174.209997072388,"normal"
186.881926973222,"normal"
176.395071301474,"normal"
183.233135412199,"normal"
185.440739082037,"normal"
185.4280995426,"normal"
183.746829662922,"normal"
181.721753630511,"normal"
184.026558648655,"normal"
178.002046152894,"normal"
171.949816154412,"normal"
182.015216906914,"normal"
182.562290282558,"normal"
187.510094789206,"normal"
173.050802538945,"normal"
187.323964587767,"normal"
187.432437031165,"normal"
182.423660627928,"normal"
184.333565478034,"normal"
165.64214189429,"normal"
177.609554382,"normal"
173.386637674169,"normal"
176.21655123474,"normal"
183.187405949498,"normal"
181.38503624177,"normal"
182.351838000211,"normal"
180.605715632952,"normal"
190.516276972304,"normal"
173.407286270658,"normal"
178.708088302026,"normal"
177.970748876692,"normal"
180.812806919845,"normal"
180.253434154271,"normal"
173.165885565001,"normal"
185.408682849995,"normal"
179.451553080278,"normal"
178.967205170303,"normal"
185.207682053275,"normal"
179.838448004724,"normal"
180.339001882172,"normal"
176.781516690659,"normal"
191.669524450327,"normal"
182.49601056029,"normal"
172.426163882746,"normal"
181.495478091506,"normal"
182.19153768264,"normal"
178.083097803131,"normal"
185.334089940845,"normal"
174.008469929618,"normal"
178.651801649899,"normal"
182.533220464093,"normal"
173.754520031632,"normal"
185.157188225359,"normal"
185.433096992631,"normal"
179.601559521179,"normal"
169.282606959916,"normal"
175.848714762011,"normal"
180.743936562368,"normal"
185.906368273514,"normal"
177.658740271949,"normal"
178.621846033943,"normal"
171.708791725788,"normal"
186.319521095832,"normal"
190.456776029118,"normal"
187.438119881338,"normal"
183.762590803936,"normal"
178.36277920106,"normal"
181.59834942407,"normal"
183.391849822113,"normal"
175.316497789264,"normal"
176.916809001728,"normal"
173.731316042005,"normal"
181.502842091151,"normal"
8.17105196271255,"skewed"
10.0678130754939,"skewed"
27.1665137783584,"skewed"
6.84125920604867,"skewed"
28.241136645543,"skewed"
13.3539897186317,"skewed"
35.6208652692059,"skewed"
23.7359634333264,"skewed"
15.5172071482421,"skewed"
20.7994156224066,"skewed"
20.3938840042445,"skewed"
28.9239418999576,"skewed"
24.0693408549619,"skewed"
25.3942995646246,"skewed"
18.2270132910434,"skewed"
12.8802961653836,"skewed"
17.5235027744914,"skewed"
14.0617966708302,"skewed"
21.1382271557868,"skewed"
21.1196440283179,"skewed"
15.2227300528393,"skewed"
19.3525826802372,"skewed"
63.1971626058395,"skewed"
14.2373954947463,"skewed"
35.4502733752631,"skewed"
18.684270947843,"skewed"
15.6176055040574,"skewed"
7.9300252079365,"skewed"
32.4870206623752,"skewed"
11.301449988772,"skewed"
38.0386659464474,"skewed"
20.753014993324,"skewed"
12.3151038918534,"skewed"
7.10390138363211,"skewed"
23.4750384644371,"skewed"
13.6116494500211,"skewed"
19.4895362962851,"skewed"
22.1098234168728,"skewed"
11.8940175412732,"skewed"
39.392447069675,"skewed"
22.3179394860179,"skewed"
13.7407070765231,"skewed"
15.710212274673,"skewed"
21.1742740196987,"skewed"
25.8449484562949,"skewed"
7.05928759300003,"skewed"
22.157140952736,"skewed"
15.1549955591827,"skewed"
27.0986234704672,"skewed"
26.8439019895324,"skewed"
34.937288038334,"skewed"
8.33659619635919,"skewed"
19.408369551897,"skewed"
46.0337268996121,"skewed"
7.49069765647685,"skewed"
7.87878569332738,"skewed"
9.34185895424006,"skewed"
15.6052188225823,"skewed"
37.1053819528911,"skewed"
16.727946793795,"skewed"
8.18139089456618,"skewed"
13.3442387849865,"skewed"
33.5959647359951,"skewed"
7.14570048255313,"skewed"
13.5052695222918,"skewed"
15.2099680893295,"skewed"
33.0859853602137,"skewed"
24.1223195700814,"skewed"
24.149301042736,"skewed"
19.8804935078222,"skewed"
14.5174432521913,"skewed"
15.9528105654716,"skewed"
18.0620440778809,"skewed"
53.1294906684869,"skewed"
24.7572276479797,"skewed"
17.6659043687794,"skewed"
22.8446682955478,"skewed"
13.6127981080686,"skewed"
21.9508806724492,"skewed"
14.2025601266341,"skewed"
20.0115660436036,"skewed"
23.6408608197051,"skewed"
23.6027253184347,"skewed"
17.5731736452659,"skewed"
7.3996779090405,"skewed"
9.81930045035351,"skewed"
14.2590697647241,"skewed"
11.872960584241,"skewed"
11.4910665275988,"skewed"
17.7895412850495,"skewed"
12.2560637914853,"skewed"
31.5088827001138,"skewed"
9.62043180572801,"skewed"
9.93677272939809,"skewed"
11.4040901105462,"skewed"
19.6220311010255,"skewed"
12.3368573624148,"skewed"
6.94040712052286,"skewed"
9.07375950877738,"skewed"
7.65265177290209,"skewed"
28.819879544067,"skewed"
23.1843748748655,"skewed"
34.3781295838664,"skewed"
41.9310987403178,"skewed"
9.1126726766313,"skewed"
9.71525065969463,"skewed"
11.7071412626102,"skewed"
25.6670522171352,"skewed"
8.86810600826465,"skewed"
14.8268501288938,"skewed"
23.4176453271498,"skewed"
36.3627160759874,"skewed"
21.1502322036897,"skewed"
22.8659683413916,"skewed"
26.7194405395623,"skewed"
12.8588627742381,"skewed"
6.99422172083037,"skewed"
28.6638254424879,"skewed"
14.8819801110124,"skewed"
26.7112373503793,"skewed"
21.2566067631666,"skewed"
8.62287227788547,"skewed"
31.8843307730149,"skewed"
13.0122442558416,"skewed"
28.2854906401631,"skewed"
49.2709914865625,"skewed"
23.3876696010046,"skewed"
20.0474850610865,"skewed"
23.9510680312188,"skewed"
29.423385441524,"skewed"
10.568137886503,"skewed"
11.2083159024585,"skewed"
12.9646556049854,"skewed"
23.0312009892455,"skewed"
44.6085863192473,"skewed"
15.5961297413348,"skewed"
15.0405168170953,"skewed"
9.32201232181472,"skewed"
8.13881141579006,"skewed"
33.0744765678907,"skewed"
32.1385313025925,"skewed"
35.3666243542335,"skewed"
10.159206141927,"skewed"
27.2989415096969,"skewed"
10.7961061500431,"skewed"
23.5787506995451,"skewed"
28.0401193244476,"skewed"
11.5632412431092,"skewed"
46.6389089297894,"skewed"
44.3979519864263,"skewed"
16.9018822542744,"skewed"
14.45410286044,"skewed"
31.3448789483474,"skewed"
11.8109349441799,"skewed"
11.9622907595677,"skewed"
11.1619589147534,"skewed"
29.3315022767471,"skewed"
13.3082684435281,"skewed"
15.7021425292321,"skewed"
42.2198738817712,"skewed"
10.2044743730537,"skewed"
27.9430713555081,"skewed"
15.3198422715868,"skewed"
8.07448831844292,"skewed"
17.3548841240071,"skewed"
20.2508199981689,"skewed"
21.5821963620383,"skewed"
13.4275456915002,"skewed"
20.4366579145959,"skewed"
28.3971180130093,"skewed"
21.2517791941498,"skewed"
18.2068082726448,"skewed"
20.9221414192496,"skewed"
17.6172784618585,"skewed"
29.9895674692357,"skewed"
23.3944315609183,"skewed"
57.2293117593258,"skewed"
10.7846667377987,"skewed"
37.484199173047,"skewed"
34.5807696401372,"skewed"
17.1835126881899,"skewed"
10.9681254337415,"skewed"
7.18358049973864,"skewed"
9.86146843720452,"skewed"
10.6371234869045,"skewed"
51.9558229766024,"skewed"
53.0902328147737,"skewed"
34.1600152058497,"skewed"
50.05379796387,"skewed"
16.7726068158227,"skewed"
13.5741141125829,"skewed"
15.9203095431259,"skewed"
41.9686393199014,"skewed"
8.65514261056719,"skewed"
11.3054966078855,"skewed"
10.2223704415708,"skewed"
45.9949827963315,"skewed"
33.3994111753626,"skewed"
34.2010167404516,"skewed"
43.4968389216852,"skewed"
14.0831889489049,"skewed"
16.1106372470569,"skewed"
26.3414693907841,"skewed"
22.2554930869485,"skewed"
7.13080150265679,"skewed"
10.6349143980891,"skewed"
27.0722967539428,"skewed"
16.1267772060283,"skewed"
18.6781884705086,"skewed"
19.5718310521678,"skewed"
13.9689520117993,"skewed"
11.6785645925701,"skewed"
22.8837663271882,"skewed"
17.3972460746333,"skewed"
22.0754891958308,"skewed"
24.7855347961307,"skewed"
14.3978820072206,"skewed"
10.3844535604399,"skewed"
28.7123024862686,"skewed"
11.4984405592248,"skewed"
21.6035386795108,"skewed"
7.0603511253054,"skewed"
13.7710470948709,"skewed"
8.81225602119889,"skewed"
34.277130500653,"skewed"
8.88681291123369,"skewed"
21.5389924551434,"skewed"
21.645242670299,"skewed"
29.1754208546258,"skewed"
23.8857891902371,"skewed"
15.2864203585043,"skewed"
12.4009571123084,"skewed"
11.1468522731599,"skewed"
14.1492537541984,"skewed"
29.4589150787297,"skewed"
20.3932632664731,"skewed"
9.93939958782468,"skewed"
30.7660563754438,"skewed"
23.4109615489454,"skewed"
16.9737626625884,"skewed"
10.8230112793272,"skewed"
18.4663738233585,"skewed"
32.6637780646483,"skewed"
19.3349621178511,"skewed"
32.3466003053398,"skewed"
7.83850677404725,"skewed"
22.7996822649949,"skewed"
13.0007514783722,"skewed"
40.2876338388669,"skewed"
10.8264439736702,"skewed"
7.16978976050881,"skewed"
22.3158334193482,"skewed"
6.9295512620072,"skewed"
26.9859650110981,"skewed"
18.2221001138032,"skewed"
14.4131005929503,"skewed"
16.1524949044301,"skewed"
7.46848688464781,"skewed"
14.968545417799,"skewed"
19.5915471991225,"skewed"
32.9896432482489,"skewed"
37.0421809722583,"skewed"
12.1880582732467,"skewed"
11.4219115912547,"skewed"
21.6636848214128,"skewed"
17.4076074597516,"skewed"
9.10802708539965,"skewed"
34.2113527547599,"skewed"
39.6890986825627,"skewed"
15.2975544327707,"skewed"
39.3333270249553,"skewed"
11.7948131751785,"skewed"
16.9470638423987,"skewed"
19.1850608816186,"skewed"
7.19268253556212,"skewed"
18.6587244644967,"skewed"
24.6665264439401,"skewed"
8.81610632875095,"skewed"
18.8692331673886,"skewed"
10.2483894233525,"skewed"
23.1436342885611,"skewed"
31.9209547375984,"skewed"
7.07029868367112,"skewed"
16.5425496759951,"skewed"
10.1871838709944,"skewed"
14.2660364968123,"skewed"
17.8144500581124,"skewed"
15.5074173009657,"skewed"
7.18257896951071,"skewed"
15.9224307575491,"skewed"
13.6499831798672,"skewed"
12.6384558616755,"skewed"
19.4491871691833,"skewed"
15.2108522531045,"skewed"
36.5822519274827,"skewed"
11.7416725822065,"skewed"
14.2341450900626,"skewed"
22.1324456736374,"skewed"
30.0116737266131,"skewed"
27.7678734186109,"skewed"
10.7065662648566,"skewed"
21.9325224970113,"skewed"
30.7087637332592,"skewed"
6.99302682908057,"skewed"
15.5641537780763,"skewed"
20.1989767596834,"skewed"
12.3265954605603,"skewed"
30.638777931718,"skewed"
37.6415126441541,"skewed"
7.64800394514724,"skewed"
7.56801425485729,"skewed"
28.2693078920019,"skewed"
24.5484465522637,"skewed"
7.10633629065929,"skewed"
18.518428938796,"skewed"
23.7513381276651,"skewed"
24.7202016952903,"skewed"
15.9684245836639,"skewed"
33.0877915697166,"skewed"
11.0598145904354,"skewed"
27.7531878500696,"skewed"
25.9293118076826,"skewed"
34.5251698307637,"skewed"
17.2107104245938,"skewed"
26.2478388536215,"skewed"
20.0185325468105,"skewed"
26.8370021444115,"skewed"
15.8039606641549,"skewed"
26.3870475384976,"skewed"
15.991664752354,"skewed"
18.5441688379518,"skewed"
41.17625539627,"skewed"
8.13721038796656,"skewed"
26.5297733516032,"skewed"
49.9749932820765,"skewed"
13.6978634143511,"skewed"
8.95489202618517,"skewed"
15.0268597583454,"skewed"
10.3662794129648,"skewed"
7.65666932531636,"skewed"
7.82039581611786,"skewed"
18.9128568203696,"skewed"
31.6492278320602,"skewed"
11.7892026296493,"skewed"
20.9259685178802,"skewed"
13.4300867015016,"skewed"
18.602948623131,"skewed"
42.12230441793,"skewed"
15.8112748988296,"skewed"
10.3727339554749,"skewed"
9.34015322527622,"skewed"
27.4934861981475,"skewed"
15.0082496594149,"skewed"
11.8928116555245,"skewed"
15.876529008926,"skewed"
12.696933297915,"skewed"
24.7373889904386,"skewed"
20.7188675265683,"skewed"
11.1530241355274,"skewed"
20.7787326980419,"skewed"
13.7944492302582,"skewed"
11.2047218730313,"skewed"
11.9709570542959,"skewed"
22.83027749243,"skewed"
15.4056428934188,"skewed"
6.86102863512464,"skewed"
22.5726194764846,"skewed"
18.6394776356291,"skewed"
15.4162199592136,"skewed"
12.5260913479924,"skewed"
26.5658514724726,"skewed"
15.2749943480429,"skewed"
7.43154458776118,"skewed"
18.2902308341165,"skewed"
20.7041242789937,"skewed"
17.6317749680674,"skewed"
19.4180952078374,"skewed"
26.6297488776151,"skewed"
42.8952760468114,"skewed"
9.23922386502884,"skewed"
10.8304756804409,"skewed"
10.2658428145429,"skewed"
11.8513646406679,"skewed"
10.3615876875932,"skewed"
17.8255438538055,"skewed"
22.752696651653,"skewed"
28.2063394300271,"skewed"
18.2126253938191,"skewed"
43.2155602207532,"skewed"
8.41238384580027,"skewed"
16.2712769195054,"skewed"
21.3109375795026,"skewed"
25.1377615193146,"skewed"
21.9174358249732,"skewed"
27.0966240036749,"skewed"
25.8958185317746,"skewed"
20.0710726273048,"skewed"
28.3512681657047,"skewed"
15.7928928388741,"skewed"
21.0731151388213,"skewed"
19.5761356183095,"skewed"
23.2632115824422,"skewed"
12.4113694730391,"skewed"
14.0088996350317,"skewed"
10.0013356132483,"skewed"
8.1130116295733,"skewed"
30.0600055260523,"skewed"
17.7375722693419,"skewed"
15.555959116023,"skewed"
34.3353903880154,"skewed"
12.7793154939133,"skewed"
30.67181891214,"skewed"
33.9470385519335,"skewed"
38.671186592892,"skewed"
11.9040182277458,"skewed"
20.5140788476934,"skewed"
31.0176799161459,"skewed"
8.48194581707154,"skewed"
25.5429030788745,"skewed"
16.8115859762787,"skewed"
14.2965874454996,"skewed"
8.38496203962818,"skewed"
12.3572349909629,"skewed"
10.9160454924147,"skewed"
18.793890195576,"skewed"
34.6995022879635,"skewed"
19.3287680315594,"skewed"
7.16757881957876,"skewed"
38.7999218937074,"skewed"
12.2641514837748,"skewed"
13.0036991413347,"skewed"
18.9734714611513,"skewed"
20.588247494269,"skewed"
14.7302127827295,"skewed"
46.6875466242216,"skewed"
13.6149525514826,"skewed"
26.247079727065,"skewed"
9.10026369687408,"skewed"
22.7292541204651,"skewed"
15.1293415015975,"skewed"
15.0810998495382,"skewed"
23.8520327327125,"skewed"
19.6751212077188,"skewed"
16.8083501056292,"skewed"
26.658499720936,"skewed"
32.6229100541848,"skewed"
12.1626788389744,"skewed"
15.7707486470541,"skewed"
11.8156300442999,"skewed"
18.1080380485006,"skewed"
8.43619928214796,"skewed"
20.9369309175466,"skewed"
13.0919868252865,"skewed"
16.3072626588467,"skewed"
21.9600406154881,"skewed"
18.4229522460661,"skewed"
12.2612460703427,"skewed"
32.0691746116223,"skewed"
18.8610803666571,"skewed"
43.8533492211969,"skewed"
14.626338549296,"skewed"
33.5398623334097,"skewed"
10.5006290777218,"skewed"
19.5764703611992,"skewed"
10.1462815067529,"skewed"
24.970153076814,"skewed"
11.217968530153,"skewed"
30.8750443199517,"skewed"
10.7150862310384,"skewed"
17.4330356870999,"skewed"
18.5174215272419,"skewed"
16.9351029087155,"skewed"
9.06039829937472,"skewed"
17.9010835530035,"skewed"
16.0633458212793,"skewed"
28.3457544847664,"skewed"
38.7739049393619,"skewed"
44.5984915630403,"skewed"
27.2796576646005,"skewed"
10.1566585641292,"skewed"
21.5647196607984,"skewed"
15.8336899033708,"skewed"
42.0242544089182,"skewed"
11.1824239335124,"skewed"
8.69885287911045,"skewed"
15.7943977137492,"skewed"
11.7708958927981,"skewed"
7.46549844381024,"skewed"
18.1448515158276,"skewed"
25.127631152389,"skewed"
42.8364920005707,"skewed"
11.9459021926892,"skewed"
13.2908090924994,"skewed"
13.3076718817893,"skewed"
37.2807690679295,"skewed"
40.4309281028231,"skewed"
32.6087738309366,"skewed"
31.9069313273104,"skewed"
23.5212090282093,"skewed"
24.8424167215663,"skewed"
30.9026856858155,"skewed"
27.4109772688534,"skewed"
13.9310266395299,"skewed"
6.87969017555829,"skewed"
8.83183586434539,"skewed"
13.5608007507867,"skewed"
16.1118393946341,"skewed"
33.4225137152983,"skewed"
23.3864589483332,"skewed"
15.2146132867272,"skewed"
12.6333150178238,"skewed"
10.0313419256646,"skewed"
23.7536190099979,"skewed"
22.5906111585392,"skewed"
14.5506420469197,"skewed"
8.16181524713623,"skewed"
25.5178154022367,"skewed"
10.589145944465,"skewed"
7.31750321487199,"skewed"
23.4044353114248,"skewed"
7.95250956316389,"skewed"
33.098428515118,"skewed"
13.8614362844551,"skewed"
11.879073874946,"skewed"
8.78381615108916,"skewed"
28.6129876206897,"skewed"
21.8552948029865,"skewed"
15.8536797398066,"skewed"
19.8069133892133,"skewed"
12.7683951141012,"skewed"
12.0635745593488,"skewed"
14.2857382628604,"skewed"
9.87395532050231,"skewed"
20.2598707496234,"skewed"
25.8290364496265,"skewed"
23.3928116502132,"skewed"
27.8386022334223,"skewed"
10.5025347039345,"skewed"
30.4685062012951,"skewed"
17.3255992959144,"skewed"
7.16834719525373,"skewed"
33.9704033667768,"skewed"
48.8522767762747,"skewed"
7.27810872502804,"skewed"
9.46791807755914,"skewed"
18.3246216405701,"skewed"
37.6612792918435,"skewed"
13.3145521090264,"skewed"
20.55462902806,"skewed"
32.9208773977749,"skewed"
15.2311714860741,"skewed"
30.7586587797218,"skewed"
25.8319468452983,"skewed"
30.8552641558132,"skewed"
13.6747672812054,"skewed"
35.4513215685557,"skewed"
15.6715022161483,"skewed"
24.5572487017112,"skewed"
13.8725824816773,"skewed"
23.4888165123476,"skewed"
24.2068120777635,"skewed"
13.6743264531726,"skewed"
19.9608816493468,"skewed"
31.1232266600872,"skewed"
9.36382255862583,"skewed"
6.86624550655316,"skewed"
15.3568113363397,"skewed"
20.2364915239792,"skewed"
15.3607884632484,"skewed"
15.6845426269829,"skewed"
18.5411192349448,"skewed"
42.2511767177671,"skewed"
18.4768209778579,"skewed"
46.6248033064408,"skewed"
14.3826409142504,"skewed"
11.3541824241904,"skewed"
21.8935970368783,"skewed"
10.9653133364962,"skewed"
29.0762444053962,"skewed"
19.3338717266695,"skewed"
7.75436358170672,"skewed"
8.30139051243557,"skewed"
13.5570261370314,"skewed"
7.82741814518848,"skewed"
20.2083152550826,"skewed"
8.19498429161875,"skewed"
11.1444546458099,"skewed"
28.4605044134156,"skewed"
24.7837684887546,"skewed"
23.7715867726774,"skewed"
16.8544320397995,"skewed"
8.21381101722636,"skewed"
31.2472986101913,"skewed"
45.6046372461572,"skewed"
40.0754697645894,"skewed"
17.1037876258923,"skewed"
14.3124499678553,"skewed"
13.2649361027195,"skewed"
6.95888727977108,"skewed"
10.4689093371144,"skewed"
26.4759722375658,"skewed"
8.63992991247106,"skewed"
16.1913641034071,"skewed"
51.1542281819026,"skewed"
9.96948652133066,"skewed"
18.1757340064527,"skewed"
33.375118459037,"skewed"
26.7798325486128,"skewed"
19.0550233087226,"skewed"
10.7673674751577,"skewed"
24.2294981481836,"skewed"
36.4977377483514,"skewed"
29.6783847964301,"skewed"
17.627531776778,"skewed"
38.2129100808932,"skewed"
11.0861554570464,"skewed"
25.4631035351558,"skewed"
25.1023953225456,"skewed"
17.0632578647615,"skewed"
32.1424083275852,"skewed"
24.8301044068494,"skewed"
9.3024292649834,"skewed"
11.1096213562257,"skewed"
20.3048063812186,"skewed"
44.3529191916219,"skewed"
24.0261226159907,"skewed"
22.3947017066875,"skewed"
25.2274778954301,"skewed"
17.1013674119952,"skewed"
40.1337959515715,"skewed"
37.4915749062199,"skewed"
9.73288713424689,"skewed"
12.3286321821024,"skewed"
9.66759200618862,"skewed"
11.7747152008191,"skewed"
13.4160317711175,"skewed"
10.1089573178011,"skewed"
17.5543734239557,"skewed"
7.28857194216273,"skewed"
27.5573789168234,"skewed"
21.7533901812461,"skewed"
18.0925566318942,"skewed"
32.3464491598013,"skewed"
16.2289184863246,"skewed"
26.471382237,"skewed"
13.1623692386013,"skewed"
28.7471165236258,"skewed"
11.7539918249152,"skewed"
11.0206350376923,"skewed"
22.2380196268549,"skewed"
25.1808112171319,"skewed"
19.5204321418419,"skewed"
15.2395596360777,"skewed"
40.1922654689497,"skewed"
40.5675508935243,"skewed"
23.9641160586372,"skewed"
8.6434994415397,"skewed"
13.3684682751703,"skewed"
7.49142249605945,"skewed"
19.9064682851994,"skewed"
15.5677661422672,"skewed"
31.6713392882353,"skewed"
15.5002049702145,"skewed"
11.1607907828134,"skewed"
38.4045848731234,"skewed"
18.3205040203128,"skewed"
11.8748226391415,"skewed"
14.5286797217136,"skewed"
9.89702155519191,"skewed"
17.2729903717565,"skewed"
23.0130901296373,"skewed"
47.3971201233641,"skewed"
8.13000969452921,"skewed"
24.0931817742772,"skewed"
7.10603488265865,"skewed"
7.5395768806901,"skewed"
10.6733917792399,"skewed"
24.2072960535398,"skewed"
7.23316453897459,"skewed"
17.5882568472781,"skewed"
27.4492635942411,"skewed"
22.4655347507265,"skewed"
7.30494419834255,"skewed"
19.6563186568967,"skewed"
17.0446612659977,"skewed"
13.7748658954561,"skewed"
14.3900749397419,"skewed"
7.45830469877129,"skewed"
13.3104578859507,"skewed"
9.90457074076712,"skewed"
15.1053490956828,"skewed"
9.33517881270765,"skewed"
7.8290145158776,"skewed"
13.1090173929166,"skewed"
10.4306148677458,"skewed"
17.0296297719073,"skewed"
8.8302720709632,"skewed"
28.5390542261372,"skewed"
15.7206015204033,"skewed"
15.0038521863523,"skewed"
15.0478124327578,"skewed"
32.3339437793382,"skewed"
12.2934653197703,"skewed"
16.9195240087773,"skewed"
30.5150977096989,"skewed"
13.8171274321608,"skewed"
12.4786970522789,"skewed"
30.9872764002066,"skewed"
12.5555394620988,"skewed"
16.0537282749682,"skewed"
36.7989413518336,"skewed"
14.1172458608429,"skewed"
11.5946385179806,"skewed"
8.8593837166033,"skewed"
29.6971001051984,"skewed"
20.6860507938529,"skewed"
12.015231617748,"skewed"
31.4155998630885,"skewed"
10.1528031356353,"skewed"
32.1428416808729,"skewed"
35.4930850904015,"skewed"
22.4499195512466,"skewed"
25.090133039329,"skewed"
17.9539304289291,"skewed"
14.4702200158129,"skewed"
13.454296330944,"skewed"
20.3571012589923,"skewed"
7.60631649709598,"skewed"
13.6994123414991,"skewed"
28.2374597643298,"skewed"
18.802771784159,"skewed"
16.9826816960493,"skewed"
42.6845917377353,"skewed"
11.291820043414,"skewed"
25.9142516577735,"skewed"
18.8832176195558,"skewed"
13.7450404303101,"skewed"
18.3226408872698,"skewed"
10.1289407336814,"skewed"
13.7830884314594,"skewed"
9.50382713091541,"skewed"
7.13080959890021,"skewed"
9.29305499117531,"skewed"
21.2166448856782,"skewed"
18.5198095184983,"skewed"
32.1489547423788,"skewed"
7.12040364669285,"skewed"
32.2507755560124,"skewed"
28.0323694942701,"skewed"
30.3752106795113,"skewed"
22.7422515495767,"skewed"
9.5435322222355,"skewed"
7.03593983627541,"skewed"
23.6569371025266,"skewed"
22.3706177117431,"skewed"
27.2894821811724,"skewed"
42.4579876066672,"skewed"
35.2007345559349,"skewed"
28.2119234022934,"skewed"
6.94022598608037,"skewed"
15.5116961127389,"skewed"
9.04180175160535,"skewed"
20.5128813543054,"skewed"
31.3198429526141,"skewed"
10.4932606549631,"skewed"
43.219834987005,"skewed"
28.5992973683155,"skewed"
15.8455673292971,"skewed"
15.0081119722732,"skewed"
23.5359277886323,"skewed"
8.52653088450593,"skewed"
18.3610364985956,"skewed"
11.6712395303415,"skewed"
9.7171752885214,"skewed"
25.260650448391,"skewed"
13.364034451869,"skewed"
16.2743036148704,"skewed"
8.62597818056036,"skewed"
7.32267860531702,"skewed"
17.5402560280958,"skewed"
18.658048691351,"skewed"
31.2312223250433,"skewed"
27.1056900067052,"skewed"
15.5778108983073,"skewed"
14.5727086819947,"skewed"
7.25327533053285,"skewed"
21.2441594979078,"skewed"
9.62191573743533,"skewed"
24.2664265097882,"skewed"
13.2726047460623,"skewed"
7.19599572793863,"skewed"
43.0138013479304,"skewed"
7.75359464629838,"skewed"
14.3516293552577,"skewed"
18.6989143269996,"skewed"
21.1551133941661,"skewed"
26.285104704059,"skewed"
33.0588266901431,"skewed"
17.8911108867786,"skewed"
15.0870316926453,"skewed"
35.9104042158238,"skewed"
12.2297891721273,"skewed"
10.9542477480785,"skewed"
38.5632515578542,"skewed"
33.9496299091755,"skewed"
45.779662765197,"skewed"
23.822041491664,"skewed"
24.5281329986177,"skewed"
17.0865846218977,"skewed"
12.3891007492707,"skewed"
10.6111800323892,"skewed"
31.4968752295424,"skewed"
17.5322228410091,"skewed"
25.1758052669608,"skewed"
13.6433203586705,"skewed"
10.9843385662842,"skewed"
9.02303134188536,"skewed"
8.36135541826639,"skewed"
17.2024985881859,"skewed"
10.2582391772274,"skewed"
30.3262997730065,"skewed"
16.6752618823846,"skewed"
21.6950622769805,"skewed"
20.9890357756283,"skewed"
10.725572171122,"skewed"
10.0433031670627,"skewed"
13.9887972651115,"skewed"
21.9724593440581,"skewed"
11.1149094550421,"skewed"
7.19493028104562,"skewed"
23.5726954731336,"skewed"
20.3565284117668,"skewed"
44.3331911235606,"skewed"
14.5001953823137,"skewed"
19.8163516757552,"skewed"
27.9551745302541,"skewed"
12.7389108716511,"skewed"
16.7102762720614,"skewed"
22.4935912954645,"skewed"
11.0008232064451,"skewed"
8.27016030557071,"skewed"
39.0485302742352,"skewed"
31.7143971077773,"skewed"
20.3381477209233,"skewed"
7.59533790832729,"skewed"
26.3729274903731,"skewed"
22.4213598270323,"skewed"
30.0705664898137,"skewed"
12.1227901782447,"skewed"
28.0128245702676,"skewed"
28.2522845788442,"skewed"
12.8627860084411,"skewed"
15.0756877671979,"skewed"
19.5153429796133,"skewed"
9.43048223154734,"skewed"
25.0489135614502,"skewed"
26.4322818982938,"skewed"
51.7319974189959,"skewed"
20.5165497177268,"skewed"
34.0698533272783,"skewed"
10.0071283114337,"skewed"
26.1313400046341,"skewed"
7.66017916313344,"skewed"
14.151944883342,"skewed"
10.0802927084888,"skewed"
41.3939456612384,"skewed"
16.1826731240862,"skewed"
22.9947119232982,"skewed"
24.5078501463702,"skewed"
28.9716855029237,"skewed"
22.1725268698962,"skewed"
28.9538223203534,"skewed"
29.4639662040365,"skewed"
11.5034714964947,"skewed"
22.2206619977598,"skewed"
37.9499365619492,"skewed"
25.4694425905025,"skewed"
16.1133654005407,"skewed"
32.2657726848563,"skewed"
44.3511663692106,"skewed"
28.2596037429342,"skewed"
8.818080796108,"skewed"
11.9302352302472,"skewed"
21.4903994857698,"skewed"
12.7974745679103,"skewed"
23.3217045813567,"skewed"
10.0645924514151,"skewed"
19.5998950445794,"skewed"
22.3185391849963,"skewed"
17.7001982849692,"skewed"
8.81789068965755,"skewed"
22.3109764549229,"skewed"
11.5794608642233,"skewed"
12.5303736919197,"skewed"
41.3316402897607,"skewed"
7.59447358085131,"skewed"
24.1989810368477,"skewed"
15.5931188334124,"skewed"
13.9716978830358,"skewed"
16.3442874265544,"skewed"
12.3076515999655,"skewed"
24.9092142768927,"skewed"
15.5028345255858,"skewed"
30.9794015017133,"skewed"
32.8350584194709,"skewed"
12.086854893951,"skewed"
8.95475367225949,"skewed"
26.1318539271888,"skewed"
18.4959394751379,"skewed"
41.7091593439603,"skewed"
14.7015595149775,"skewed"
34.5749173089682,"skewed"
18.5867674202823,"skewed"
41.9769711965169,"skewed"
11.4869652217495,"skewed"
11.9483016335488,"skewed"
31.2295894406309,"skewed"
36.5880364482306,"skewed"
7.51807913268063,"skewed"
8.40761180623924,"skewed"
7.80022205928874,"skewed"
26.4625895346882,"skewed"
25.1412759498698,"skewed"
16.5802269918513,"skewed"
6.9825477347121,"skewed"
6.87239564483072,"skewed"
14.9885156440118,"skewed"
34.4648191444491,"skewed"
11.9683143035538,"skewed"
26.7968840387704,"skewed"
52.2952380402643,"skewed"
19.3209660259966,"skewed"
46.6288805463991,"skewed"
10.1986359262262,"skewed"
13.8660985752029,"skewed"
11.6519877731527,"skewed"
12.7843394353545,"skewed"
13.4305191852017,"skewed"
18.0336811077446,"skewed"
17.7707495936398,"skewed"
15.4895873198987,"skewed"
25.8051648574518,"skewed"
17.0422282926182,"skewed"
8.69565589619891,"skewed"
8.46568515607313,"skewed"
7.60278630047425,"skewed"
20.1021567975988,"skewed"
10.1912114689062,"skewed"
12.5894217168324,"skewed"
28.5527135018615,"skewed"
14.3258500116624,"skewed"
14.7752665654771,"skewed"
12.1590422327502,"skewed"
13.6546518055986,"skewed"
41.4066653498422,"skewed"
27.9490147812873,"skewed"
18.4614844811427,"skewed"
19.3921794353247,"skewed"
6.91164661905895,"skewed"
19.2394666769139,"skewed"
12.6980360901805,"skewed"
8.43666764045513,"skewed"
58.308296530067,"skewed"
16.5724656388166,"skewed"
14.6082441503597,"skewed"
32.9053240833092,"skewed"
24.7133189303229,"skewed"
15.601287402173,"skewed"
12.5648868872239,"skewed"
19.7082552463214,"skewed"
35.7525447753731,"skewed"
17.9669260475406,"skewed"
21.3997927087819,"skewed"
15.8606844934717,"skewed"
11.8718955677395,"skewed"
12.4726919372222,"skewed"
11.7200374767174,"skewed"
8.67662431280772,"skewed"
21.3084530853784,"skewed"
16.9515557048136,"skewed"
8.90590940495366,"skewed"
16.3110396481576,"skewed"
30.7326272359318,"skewed"
19.8358210382183,"skewed"
46.4988152801511,"skewed"
14.4416503047722,"skewed"
16.3785322537969,"skewed"
37.3174351846449,"skewed"
12.8164086330462,"skewed"
19.5910263934218,"skewed"
15.8044212817213,"skewed"
13.7893591594633,"skewed"
14.6043424131476,"skewed"
16.0212783032429,"skewed"
25.7502322043785,"skewed"
25.3885929709889,"skewed"
56.1429200684508,"skewed"
20.455005624431,"skewed"
27.0750791136687,"skewed"
9.41593535514749,"skewed"
